{"exact": 27.586206896551722, "f1": 49.82410998301831, "total": 203, "HasAns_exact": 27.586206896551722, "HasAns_f1": 49.82410998301831, "HasAns_total": 203}