{"exact": 23.2, "f1": 47.54861440594795, "total": 375, "HasAns_exact": 23.2, "HasAns_f1": 47.54861440594795, "HasAns_total": 375}