{"exact": 24.266666666666666, "f1": 47.79420349617355, "total": 375, "HasAns_exact": 24.266666666666666, "HasAns_f1": 47.79420349617355, "HasAns_total": 375}